{"cameraMode":{"drawMode":31,"name":"Sprite Mask","section":"Miscellaneous"},"sceneLighting":true,"audioPlay":false,"sceneViewState":{"showFog":false,"showMaterialUpdate":false,"showSkybox":false,"showFlares":false,"showImageEffects":false,"showParticleSystems":false},"in2DMode":false,"pivot":{"x":0.3514195680618286,"y":0.1136636734008789,"z":-0.07714672386646271},"rotation":{"x":-0.30830615758895876,"y":-0.6541082859039307,"z":0.33334097266197207,"w":-0.6049709916114807},"size":2.8989548683166506,"orthographic":false}