{"cameraMode":{"drawMode":31,"name":"Sprite Mask","section":"Miscellaneous"},"sceneLighting":true,"audioPlay":false,"sceneViewState":{"showFog":false,"showMaterialUpdate":false,"showSkybox":false,"showFlares":false,"showImageEffects":false,"showParticleSystems":false},"in2DMode":false,"pivot":{"x":6.209261894226074,"y":-36.905853271484378,"z":22.028669357299806},"rotation":{"x":0.4944787919521332,"y":0.038770779967308047,"z":-0.02651880495250225,"w":0.8683851957321167},"size":56.138450622558597,"orthographic":false}