{"cameraMode":{"drawMode":31,"name":"Sprite Mask","section":"Miscellaneous"},"sceneLighting":true,"audioPlay":false,"sceneViewState":{"showFog":false,"showMaterialUpdate":false,"showSkybox":false,"showFlares":false,"showImageEffects":false,"showParticleSystems":false},"in2DMode":false,"pivot":{"x":0.5095410943031311,"y":1.5734655857086182,"z":-0.3328830301761627},"rotation":{"x":-0.6849687695503235,"y":0.006941863801330328,"z":-0.006184736266732216,"w":-0.7286407947540283},"size":3.24718976020813,"orthographic":false}