{"cameraMode":{"drawMode":31,"name":"Sprite Mask","section":"Miscellaneous"},"sceneLighting":true,"audioPlay":false,"sceneViewState":{"showFog":false,"showMaterialUpdate":false,"showSkybox":false,"showFlares":false,"showImageEffects":false,"showParticleSystems":false},"in2DMode":false,"pivot":{"x":-0.46844637393951418,"y":0.3043232262134552,"z":0.4819284677505493},"rotation":{"x":0.1637442409992218,"y":0.3418959975242615,"z":-0.06065792590379715,"w":0.9234106540679932},"size":0.4657001197338104,"orthographic":false}