{"cameraMode":{"drawMode":31,"name":"Sprite Mask","section":"Miscellaneous"},"sceneLighting":true,"audioPlay":false,"sceneViewState":{"showFog":false,"showMaterialUpdate":false,"showSkybox":false,"showFlares":false,"showImageEffects":false,"showParticleSystems":false},"in2DMode":false,"pivot":{"x":-2.3624839782714845,"y":-1.9832627773284913,"z":3.733947515487671},"rotation":{"x":-0.3083065450191498,"y":0.2073831707239151,"z":-0.06864660233259201,"w":-0.9260212182998657},"size":5.649749755859375,"orthographic":false}