{"cameraMode":{"drawMode":31,"name":"Sprite Mask","section":"Miscellaneous"},"sceneLighting":true,"audioPlay":false,"sceneViewState":{"showFog":false,"showMaterialUpdate":false,"showSkybox":false,"showFlares":false,"showImageEffects":false,"showParticleSystems":false},"in2DMode":false,"pivot":{"x":-3.3848154544830324,"y":0.559999942779541,"z":1.8657631874084473},"rotation":{"x":-0.2982618510723114,"y":0.33512675762176516,"z":-0.11229775846004486,"w":-0.8867955803871155},"size":28.578840255737306,"orthographic":false}